{"cameraMode":{"drawMode":0,"name":"Shaded","section":"Shading Mode"},"sceneLighting":false,"audioPlay":false,"sceneViewState":{"showFog":true,"showMaterialUpdate":true,"showSkybox":true,"showFlares":true,"showImageEffects":true,"showParticleSystems":true},"in2DMode":false,"pivot":{"x":37.324790954589847,"y":0.716847836971283,"z":15.966378211975098},"rotation":{"x":0.12493035197257996,"y":0.4805730879306793,"z":-0.06938915699720383,"w":0.8652324080467224},"size":1.7699625492095948,"orthographic":true}