{"cameraMode":{"drawMode":0,"name":"Shaded","section":"Shading Mode"},"sceneLighting":true,"audioPlay":false,"sceneViewState":{"showFog":true,"showMaterialUpdate":true,"showSkybox":true,"showFlares":true,"showImageEffects":true,"showParticleSystems":true},"in2DMode":false,"pivot":{"x":33.245887756347659,"y":9.719303131103516,"z":-10.184009552001954},"rotation":{"x":-0.13518662750720979,"y":0.822943925857544,"z":-0.21980395913124085,"w":-0.5061364769935608},"size":98.4608154296875,"orthographic":false}