{"cameraMode":{"drawMode":0,"name":"Shaded","section":"Shading Mode"},"sceneLighting":true,"audioPlay":false,"sceneViewState":{"showFog":true,"showMaterialUpdate":true,"showSkybox":true,"showFlares":true,"showImageEffects":true,"showParticleSystems":true},"in2DMode":false,"pivot":{"x":30.498157501220704,"y":-0.10418200492858887,"z":18.656513214111329},"rotation":{"x":0.14399570226669312,"y":-0.616642951965332,"z":0.1160380020737648,"w":0.765213668346405},"size":7.193461894989014,"orthographic":false}